{
  "walls": 1070,
  "bounds": {
    "minX": 0,
    "minY": 0,
    "maxX": 41.67216376225731,
    "maxY": 41.67434118508788,
    "width": 41.67216376225731,
    "height": 41.67434118508788,
    "area": 1736.6599705491667
  },
  "rooms": 23
}